Peliculas ,Genero,Plataforma de streaming
A C N E,Romantica,Hulu
A Little trip to heaven,Terror,Hulu
Acorralados,Drama,Netflix
Adam,Romantica,Paramount+
Admitido,Comedia,Disney+
Adoptado,Comedia,Apple TV+
Adrenalina de amor,Comedia,Disney+
Adventurelana,Comedia,Hulu
After life,Suspenso,Peacock
Agente Internacional,Suspenso,Peacock
Agua para elefantes,Romantica,Apple TV+
Agua turbia,Drama,HBO Max
Ahora los padres son ellos,Drama,HBO Max
Al borde del abismo,Accion,Paramount+
Al filo de la oscuridad,Drama,Paramount+
Al otro lado del mundo,Romantica,Netflix
Alexander,Romantica,Disney+
Algo para recordar,Romantica,HBO Max
Algo pasa en las Vegas,Comedia,Netflix
Alguien tiene que ceder,Comedia,Paramount+
Alicia en el pais de las maravillas,Comedia,HBO Max
All The King's Men,Suspenso,Netflix
Amanecer,Terror,Hulu
Amar a Morir,Drama,Amazon Prime
Amarican Pie el reencuentro,Comedia,Paramount+
Amelia,Romantica,Amazon Prime
American Play Boy,Comedia,Apple TV+
Americano,Policial,HBO Max
Amigos con derechos,Comedia,Amazon Prime
Amor & otras drogas,Comedia,Amazon Prime
Amor a distacia,Romantica,Amazon Prime
Amor accidental,Comedia,Apple TV+
Amor sin escalas,Romantica,Paramount+
Angel de la oscuridad,Suspenso,Netflix
Angeles y demonios,Drama,Paramount+
Annapolis,Belica,HBO Max
Antes de partir,Drama,Paramount+
Año Uno,Comedia,Peacock
Apocalipto,Suspenso,HBO Max
Aprendiz de Brujo,Comedia,Disney+
Arcangeles,Suspenso,HBO Max
Asalto al tren ( Pelham 123 ),Drama,Netflix
Asesinato justo,Policial,Apple TV+
Asesinos de Elite,Accion,Apple TV+
Asesinota en la escuela secundaria,Policial,HBO Max
Atracción Peligrosa,Policial,Hulu
Atrapados en la memoria,Drama,Peacock
Australia,Drama,Apple TV+
Avatar,Suspenso,Paramount+
Babel,Accion,Amazon Prime
Bad Reputation,Comedia,Hulu
Bailamos ?,Romantica,Hulu
Bajo amenaza,Drama,Apple TV+
Bajo anestecia,Suspenso,Netflix
Bajo cero,Comedia,Disney+
Bajo el mismo techo,Comedia,HBO Max
Bajos instintos,Suspenso,Amazon Prime
Bastardos sin gloria,Belica,Disney+
Batman-el caballero de la noche ac. Accion,Accion,Paramount+
Bel Ami,Romantica,Amazon Prime
Benjamin Button,Drama,Amazon Prime
Bernard & Doris,Comedia,Netflix
Bienvenido a casa Roscoe Jenkins,Comedia,Hulu
Blood & Chocolate,Comedia,Hulu
Blood Diamond,Policial,Apple TV+
Bobby Z,Policial,Disney+
Boda de locos,Comedia,Amazon Prime
Buenas costumbres,Comedia,Peacock
C A O S,Accion,Paramount+
C A S I 300,Comedia,Hulu
C H L O E,Drama,Netflix
Caballo de gerra,Accion,Disney+
Cadenas de favores,Drama,Disney+
Calles de sangre,Policial,Peacock
Camille,Romantica,Peacock
Camille Claudel,Drama,Disney+
Captivity,Terror,Hulu
Capturen al gringo,Policial,Peacock
Caramel,Drama,Amazon Prime
Carriers,Terror,Netflix
Cars 2,Infantil,Paramount+
Cartas para Juliet,Romantica,Peacock
Casablanca,Drama,Netflix
Casandras Drean,Suspenso,Peacock
Casino Royale 7,Policial,Paramount+
Caszadores de humanos,Drama,Apple TV+
Ceguera,Drama,HBO Max
Celda 211,Drama,Netflix
Celular,Drama,Netflix
Cerrendo el circulo,Romantica,HBO Max
CHAOS,Policial,Netflix
Cheri,Drama,Amazon Prime
Chicas materiales,Comedia,Apple TV+
Ciento ventisiete horas,Drama,Amazon Prime
Ciudad de Dios,Drama,Disney+
CLICK,Comedia,Disney+
Coco Chanel,Romantica,Netflix
Codigo Da Vinci,Drama,Disney+
College Road Trip,Comedia,Amazon Prime
Colombiana,Policial,Disney+
